city,z,x,y,band,codec,raw_band_bytes,unpredicted_compressed_bytes,delta_compressed_bytes,delta_ratio
madrid,18,128372,98842,G,gzip6,262144,20116,10208,25.68025078369906
madrid,18,128372,98842,G,zstd3,262144,27632,14387,18.22089386251477
madrid,18,128372,98842,G,brotli5,262144,17670,10725,24.442331002331002
madrid,18,128372,98842,B,gzip6,262144,2777,3419,76.67271131909915
madrid,18,128372,98842,B,zstd3,262144,3073,3218,81.46177750155375
madrid,18,128372,98842,B,brotli5,262144,1922,2580,101.6062015503876
madrid,18,128372,98842,C0,gzip6,262144,4442,3253,80.58530587150322
madrid,18,128372,98842,C0,zstd3,262144,4223,3049,85.97704165300098
madrid,18,128372,98842,C0,brotli5,262144,3283,2473,106.00242620299231
madrid,18,128372,98842,C1,gzip6,262144,4599,3233,81.08382307454377
madrid,18,128372,98842,C1,zstd3,262144,4350,3000,87.38133333333333
madrid,18,128372,98842,C1,brotli5,262144,3371,2495,105.06773547094188
madrid,18,128372,98842,flags,gzip6,262144,2763,3288,79.72749391727494
madrid,18,128372,98842,flags,zstd3,262144,3135,3785,69.25865257595773
madrid,18,128372,98842,flags,brotli5,262144,1444,2133,122.89920300046883
madrid,18,128372,98842,provenance,gzip6,262144,3069,3731,70.26105601715358
madrid,18,128372,98842,provenance,zstd3,262144,3377,3634,72.13648871766648
madrid,18,128372,98842,provenance,brotli5,262144,1830,2626,99.82635186595583
madrid,18,128373,98842,G,gzip6,262144,23407,11916,21.99932863376972
madrid,18,128373,98842,G,zstd3,262144,31819,17042,15.382232132378828
madrid,18,128373,98842,G,brotli5,262144,21810,13020,20.13394777265745
madrid,18,128373,98842,B,gzip6,262144,2723,3528,74.30385487528345
madrid,18,128373,98842,B,zstd3,262144,3284,3548,73.88500563697858
madrid,18,128373,98842,B,brotli5,262144,2161,2833,92.53229791740205
madrid,18,128373,98842,C0,gzip6,262144,2375,2036,128.75442043222003
madrid,18,128373,98842,C0,zstd3,262144,2311,1951,134.3639159405433
madrid,18,128373,98842,C0,brotli5,262144,1820,1520,172.46315789473684
madrid,18,128373,98842,C1,gzip6,262144,2518,2079,126.0913900913901
madrid,18,128373,98842,C1,zstd3,262144,2448,1942,134.98661174047373
madrid,18,128373,98842,C1,brotli5,262144,1945,1526,171.78505897771953
madrid,18,128373,98842,flags,gzip6,262144,2958,3244,80.80887792848335
madrid,18,128373,98842,flags,zstd3,262144,3232,4583,57.199214488326426
madrid,18,128373,98842,flags,brotli5,262144,2021,2101,124.77106139933365
madrid,18,128373,98842,provenance,gzip6,262144,3001,3772,69.49734888653235
madrid,18,128373,98842,provenance,zstd3,262144,2935,3839,68.28444907528002
madrid,18,128373,98842,provenance,brotli5,262144,2043,2766,94.77368040491685
madrid,18,128374,98842,G,gzip6,262144,34148,12601,20.803428299341324
madrid,18,128374,98842,G,zstd3,262144,42784,18663,14.0461876440015
madrid,18,128374,98842,G,brotli5,262144,30401,14501,18.07764981725398
madrid,18,128374,98842,B,gzip6,262144,4154,5332,49.164291072768194
madrid,18,128374,98842,B,zstd3,262144,4519,5306,49.40520165849981
madrid,18,128374,98842,B,brotli5,262144,3343,4310,60.82227378190255
madrid,18,128374,98842,C0,gzip6,262144,4195,2531,103.57329118925325
madrid,18,128374,98842,C0,zstd3,262144,4010,2329,112.55646200085874
madrid,18,128374,98842,C0,brotli5,262144,3196,1870,140.18395721925134
madrid,18,128374,98842,C1,gzip6,262144,4705,2475,105.91676767676768
madrid,18,128374,98842,C1,zstd3,262144,4358,2282,114.87467134092901
madrid,18,128374,98842,C1,brotli5,262144,3469,1865,140.55978552278822
madrid,18,128374,98842,flags,gzip6,262144,3677,4511,58.11217025049878
madrid,18,128374,98842,flags,zstd3,262144,4761,6088,43.059132720105126
madrid,18,128374,98842,flags,brotli5,262144,2972,3439,76.2268101192207
madrid,18,128374,98842,provenance,gzip6,262144,4341,5564,47.11430625449317
madrid,18,128374,98842,provenance,zstd3,262144,4154,5732,45.73342637822749
madrid,18,128374,98842,provenance,brotli5,262144,3347,4410,59.44308390022676
madrid,18,128375,98842,G,gzip6,262144,24414,11919,21.993791425455157
madrid,18,128375,98842,G,zstd3,262144,31205,16869,15.539984587112455
madrid,18,128375,98842,G,brotli5,262144,21903,12583,20.833187634109514
madrid,18,128375,98842,B,gzip6,262144,2600,2908,90.14580467675378
madrid,18,128375,98842,B,zstd3,262144,2351,2518,104.10802223987291
madrid,18,128375,98842,B,brotli5,262144,1792,1990,131.73065326633167
madrid,18,128375,98842,C0,gzip6,262144,10229,5344,49.053892215568865
madrid,18,128375,98842,C0,zstd3,262144,10193,5663,46.290658661486844
madrid,18,128375,98842,C0,brotli5,262144,8392,4602,56.96305953933073
madrid,18,128375,98842,C1,gzip6,262144,12101,5248,49.951219512195124
madrid,18,128375,98842,C1,zstd3,262144,11708,5565,47.10584007187781
madrid,18,128375,98842,C1,brotli5,262144,9620,4462,58.75033617212013
madrid,18,128375,98842,flags,gzip6,262144,2672,2915,89.92933104631217
madrid,18,128375,98842,flags,zstd3,262144,2921,3077,85.19467013324667
madrid,18,128375,98842,flags,brotli5,262144,1398,1874,139.88473852721452
madrid,18,128375,98842,provenance,gzip6,262144,3167,3346,78.34548714883442
madrid,18,128375,98842,provenance,zstd3,262144,2932,3131,83.72532737144682
madrid,18,128375,98842,provenance,brotli5,262144,1839,2290,114.47336244541485
madrid,18,128376,98842,G,gzip6,262144,19052,12146,21.582743289972008
madrid,18,128376,98842,G,zstd3,262144,28135,16790,15.613103037522334
madrid,18,128376,98842,G,brotli5,262144,17531,12891,20.33542781785742
madrid,18,128376,98842,B,gzip6,262144,3021,3781,69.33192277175351
madrid,18,128376,98842,B,zstd3,262144,3126,3382,77.51153163808398
madrid,18,128376,98842,B,brotli5,262144,2021,2769,94.67100036114121
madrid,18,128376,98842,C0,gzip6,262144,4976,3042,86.17488494411572
madrid,18,128376,98842,C0,zstd3,262144,4782,2982,87.90878604963112
madrid,18,128376,98842,C0,brotli5,262144,3841,2387,109.82153330540427
madrid,18,128376,98842,C1,gzip6,262144,5598,3037,86.31675996048732
madrid,18,128376,98842,C1,zstd3,262144,5234,2948,88.92265943012211
madrid,18,128376,98842,C1,brotli5,262144,4172,2387,109.82153330540427
madrid,18,128376,98842,flags,gzip6,262144,2881,3475,75.43712230215827
madrid,18,128376,98842,flags,zstd3,262144,3252,4016,65.27490039840637
madrid,18,128376,98842,flags,brotli5,262144,1427,2104,124.59315589353612
madrid,18,128376,98842,provenance,gzip6,262144,3352,4110,63.781995133819954
madrid,18,128376,98842,provenance,zstd3,262144,3115,4081,64.23523646165155
madrid,18,128376,98842,provenance,brotli5,262144,1972,2867,91.43494942448552
madrid,18,128372,98843,G,gzip6,262144,17554,11250,23.30168888888889
madrid,18,128372,98843,G,zstd3,262144,24866,15775,16.61768621236133
madrid,18,128372,98843,G,brotli5,262144,15674,11966,21.907404312217952
madrid,18,128372,98843,B,gzip6,262144,2354,2677,97.92454239820695
madrid,18,128372,98843,B,zstd3,262144,2377,2585,101.40967117988394
madrid,18,128372,98843,B,brotli5,262144,1552,1935,135.47493540051678
madrid,18,128372,98843,C0,gzip6,262144,1774,1370,191.34598540145984
madrid,18,128372,98843,C0,zstd3,262144,1510,1111,235.95319531953194
madrid,18,128372,98843,C0,brotli5,262144,1135,883,296.8788221970555
madrid,18,128372,98843,C1,gzip6,262144,1821,1351,194.03700962250184
madrid,18,128372,98843,C1,zstd3,262144,1550,1054,248.7134724857685
madrid,18,128372,98843,C1,brotli5,262144,1174,868,302.00921658986175
madrid,18,128372,98843,flags,gzip6,262144,2653,3098,84.61717236927049
madrid,18,128372,98843,flags,zstd3,262144,2624,3117,84.1013795316009
madrid,18,128372,98843,flags,brotli5,262144,1475,1994,131.46639919759278
madrid,18,128372,98843,provenance,gzip6,262144,2599,2981,87.93827574639383
madrid,18,128372,98843,provenance,zstd3,262144,2039,2687,97.56010420543357
madrid,18,128372,98843,provenance,brotli5,262144,1521,2039,128.5649828347229
madrid,18,128373,98843,G,gzip6,262144,16828,12403,21.135531726195275
madrid,18,128373,98843,G,zstd3,262144,24779,17139,15.295174747651554
madrid,18,128373,98843,G,brotli5,262144,15663,13123,19.97592014021184
madrid,18,128373,98843,B,gzip6,262144,2488,2600,100.82461538461538
madrid,18,128373,98843,B,zstd3,262144,1941,2132,122.95684803001876
madrid,18,128373,98843,B,brotli5,262144,1359,1626,161.22017220172202
madrid,18,128373,98843,C0,gzip6,262144,996,850,308.4047058823529
madrid,18,128373,98843,C0,zstd3,262144,813,636,412.17610062893084
madrid,18,128373,98843,C0,brotli5,262144,630,510,514.0078431372549
madrid,18,128373,98843,C1,gzip6,262144,1031,833,314.6986794717887
madrid,18,128373,98843,C1,zstd3,262144,794,576,455.1111111111111
madrid,18,128373,98843,C1,brotli5,262144,630,490,534.9877551020409
madrid,18,128373,98843,flags,gzip6,262144,2126,2724,96.23494860499265
madrid,18,128373,98843,flags,zstd3,262144,1773,2505,104.64830339321357
madrid,18,128373,98843,flags,brotli5,262144,1048,1546,169.5627425614489
madrid,18,128373,98843,provenance,gzip6,262144,2559,2656,98.6987951807229
madrid,18,128373,98843,provenance,zstd3,262144,1614,2269,115.53283384750992
madrid,18,128373,98843,provenance,brotli5,262144,1333,1602,163.6354556803995
madrid,18,128374,98843,G,gzip6,262144,25159,13058,20.07535610353806
madrid,18,128374,98843,G,zstd3,262144,33371,19570,13.395196729688298
madrid,18,128374,98843,G,brotli5,262144,22174,14860,17.640915208613727
madrid,18,128374,98843,B,gzip6,262144,3693,4609,56.876545888479065
madrid,18,128374,98843,B,zstd3,262144,3873,4640,56.49655172413793
madrid,18,128374,98843,B,brotli5,262144,3100,3662,71.58492626979792
madrid,18,128374,98843,C0,gzip6,262144,1243,1154,227.16117850953205
madrid,18,128374,98843,C0,zstd3,262144,1071,978,268.04089979550105
madrid,18,128374,98843,C0,brotli5,262144,768,793,330.57250945775536
madrid,18,128374,98843,C1,gzip6,262144,1261,1162,225.59724612736662
madrid,18,128374,98843,C1,zstd3,262144,1117,1001,261.8821178821179
madrid,18,128374,98843,C1,brotli5,262144,814,792,330.989898989899
madrid,18,128374,98843,flags,gzip6,262144,3421,4177,62.75891788364855
madrid,18,128374,98843,flags,zstd3,262144,4122,5240,50.027480916030534
madrid,18,128374,98843,flags,brotli5,262144,2574,2813,93.19018841094916
madrid,18,128374,98843,provenance,gzip6,262144,3798,4708,55.68054375531011
madrid,18,128374,98843,provenance,zstd3,262144,3653,5050,51.90970297029703
madrid,18,128374,98843,provenance,brotli5,262144,3027,3649,71.83995615237052
madrid,18,128375,98843,G,gzip6,262144,20018,11137,23.53811618927898
madrid,18,128375,98843,G,zstd3,262144,25924,15378,17.046690076732997
madrid,18,128375,98843,G,brotli5,262144,17326,11779,22.25519993208252
madrid,18,128375,98843,B,gzip6,262144,3604,4324,60.62534690101758
madrid,18,128375,98843,B,zstd3,262144,3372,4152,63.13680154142582
madrid,18,128375,98843,B,brotli5,262144,2722,3441,76.1825050857309
madrid,18,128375,98843,C0,gzip6,262144,3545,1957,133.951967296883
madrid,18,128375,98843,C0,zstd3,262144,3211,1950,134.4328205128205
madrid,18,128375,98843,C0,brotli5,262144,2420,1539,170.33398310591292
madrid,18,128375,98843,C1,gzip6,262144,3959,1929,135.89631933644375
madrid,18,128375,98843,C1,zstd3,262144,3428,1890,138.7005291005291
madrid,18,128375,98843,C1,brotli5,262144,2653,1509,173.72034459907223
madrid,18,128375,98843,flags,gzip6,262144,2612,3170,82.69526813880127
madrid,18,128375,98843,flags,zstd3,262144,2854,3493,75.0483824792442
madrid,18,128375,98843,flags,brotli5,262144,1683,2144,122.26865671641791
madrid,18,128375,98843,provenance,gzip6,262144,3693,4394,59.65953573054165
madrid,18,128375,98843,provenance,zstd3,262144,2736,4598,57.012614180078295
madrid,18,128375,98843,provenance,brotli5,262144,2581,3546,73.92667794698252
madrid,18,128376,98843,G,gzip6,262144,18432,11963,21.912898102482654
madrid,18,128376,98843,G,zstd3,262144,27512,16264,16.11805213969503
madrid,18,128376,98843,G,brotli5,262144,16726,13037,20.10769348776559
madrid,18,128376,98843,B,gzip6,262144,2195,2731,95.98828268033687
madrid,18,128376,98843,B,zstd3,262144,2348,2306,113.67909800520381
madrid,18,128376,98843,B,brotli5,262144,1283,1831,143.16985253959584
madrid,18,128376,98843,C0,gzip6,262144,1108,927,282.78748651564183
madrid,18,128376,98843,C0,zstd3,262144,917,736,356.17391304347825
madrid,18,128376,98843,C0,brotli5,262144,690,563,465.61989342806396
madrid,18,128376,98843,C1,gzip6,262144,1127,949,276.231822971549
madrid,18,128376,98843,C1,zstd3,262144,943,703,372.8933143669986
madrid,18,128376,98843,C1,brotli5,262144,675,568,461.5211267605634
madrid,18,128376,98843,flags,gzip6,262144,1755,1978,132.52982810920122
madrid,18,128376,98843,flags,zstd3,262144,1775,1937,135.33505420753744
madrid,18,128376,98843,flags,brotli5,262144,971,1227,213.64629176854115
madrid,18,128376,98843,provenance,gzip6,262144,2240,2737,95.77785896967482
madrid,18,128376,98843,provenance,zstd3,262144,1894,2369,110.65597298438159
madrid,18,128376,98843,provenance,brotli5,262144,1218,1815,144.431955922865
madrid,18,128372,98844,G,gzip6,262144,13348,11719,22.369144124925334
madrid,18,128372,98844,G,zstd3,262144,22335,16606,15.78610140912923
madrid,18,128372,98844,G,brotli5,262144,12790,12815,20.456028092079595
madrid,18,128372,98844,B,gzip6,262144,2802,3305,79.31739788199697
madrid,18,128372,98844,B,zstd3,262144,2716,3185,82.30580847723705
madrid,18,128372,98844,B,brotli5,262144,2026,2469,106.17415957877684
madrid,18,128372,98844,C0,gzip6,262144,418,449,583.8396436525612
madrid,18,128372,98844,C0,zstd3,262144,207,241,1087.734439834025
madrid,18,128372,98844,C0,brotli5,262144,147,177,1481.0395480225989
madrid,18,128372,98844,C1,gzip6,262144,416,447,586.4519015659955
madrid,18,128372,98844,C1,zstd3,262144,199,238,1101.4453781512605
madrid,18,128372,98844,C1,brotli5,262144,144,175,1497.9657142857143
madrid,18,128372,98844,flags,gzip6,262144,2433,2618,100.13139801375095
madrid,18,128372,98844,flags,zstd3,262144,2204,2813,93.19018841094916
madrid,18,128372,98844,flags,brotli5,262144,1265,1797,145.87868670005565
madrid,18,128372,98844,provenance,gzip6,262144,2780,3243,80.83379586802343
madrid,18,128372,98844,provenance,zstd3,262144,2180,3024,86.68783068783068
madrid,18,128372,98844,provenance,brotli5,262144,1771,2324,112.79862306368331
madrid,18,128373,98844,G,gzip6,262144,18976,11883,22.0604224522427
madrid,18,128373,98844,G,zstd3,262144,27766,17927,14.62285937412841
madrid,18,128373,98844,G,brotli5,262144,17481,13355,19.62890303257207
madrid,18,128373,98844,B,gzip6,262144,2980,3792,69.13080168776371
madrid,18,128373,98844,B,zstd3,262144,3223,3365,77.90312035661218
madrid,18,128373,98844,B,brotli5,262144,1948,2593,101.09679907443116
madrid,18,128373,98844,C0,gzip6,262144,361,364,720.1758241758242
madrid,18,128373,98844,C0,zstd3,262144,125,111,2361.6576576576576
madrid,18,128373,98844,C0,brotli5,262144,81,96,2730.6666666666665
madrid,18,128373,98844,C1,gzip6,262144,361,363,722.1597796143251
madrid,18,128373,98844,C1,zstd3,262144,125,111,2361.6576576576576
madrid,18,128373,98844,C1,brotli5,262144,81,96,2730.6666666666665
madrid,18,128373,98844,flags,gzip6,262144,2490,2887,90.80152407343263
madrid,18,128373,98844,flags,zstd3,262144,2951,3612,72.57585825027685
madrid,18,128373,98844,flags,brotli5,262144,1370,1732,151.35334872979215
madrid,18,128373,98844,provenance,gzip6,262144,2955,3729,70.29873960847412
madrid,18,128373,98844,provenance,zstd3,262144,3153,3268,80.21542227662178
madrid,18,128373,98844,provenance,brotli5,262144,1728,2398,109.31776480400333
madrid,18,128374,98844,G,gzip6,262144,27797,14043,18.66723634551022
madrid,18,128374,98844,G,zstd3,262144,37527,20168,12.998016660055534
madrid,18,128374,98844,G,brotli5,262144,24518,15122,17.335273112022218
madrid,18,128374,98844,B,gzip6,262144,1293,1334,196.50974512743628
madrid,18,128374,98844,B,zstd3,262144,1016,1023,256.25024437927664
madrid,18,128374,98844,B,brotli5,262144,644,774,338.687338501292
madrid,18,128374,98844,C0,gzip6,262144,879,753,348.132802124834
madrid,18,128374,98844,C0,zstd3,262144,684,504,520.1269841269841
madrid,18,128374,98844,C0,brotli5,262144,493,431,608.2227378190255
madrid,18,128374,98844,C1,gzip6,262144,912,760,344.9263157894737
madrid,18,128374,98844,C1,zstd3,262144,704,513,511.00194931773876
madrid,18,128374,98844,C1,brotli5,262144,505,430,609.6372093023256
madrid,18,128374,98844,flags,gzip6,262144,1442,1828,143.40481400437636
madrid,18,128374,98844,flags,zstd3,262144,875,1164,225.20962199312714
madrid,18,128374,98844,flags,brotli5,262144,588,750,349.5253333333333
madrid,18,128374,98844,provenance,gzip6,262144,1373,1414,185.3917963224894
madrid,18,128374,98844,provenance,zstd3,262144,1041,1181,221.96782387806942
madrid,18,128374,98844,provenance,brotli5,262144,652,828,316.5990338164251
madrid,18,128375,98844,G,gzip6,262144,18549,11113,23.58894987852065
madrid,18,128375,98844,G,zstd3,262144,26910,16283,16.09924461094393
madrid,18,128375,98844,G,brotli5,262144,16843,11596,22.606416005519144
madrid,18,128375,98844,B,gzip6,262144,1617,1819,144.1143485431556
madrid,18,128375,98844,B,zstd3,262144,1459,1567,167.29036375239312
madrid,18,128375,98844,B,brotli5,262144,1059,1309,200.2627960275019
madrid,18,128375,98844,C0,gzip6,262144,806,737,355.69063772048844
madrid,18,128375,98844,C0,zstd3,262144,566,513,511.00194931773876
madrid,18,128375,98844,C0,brotli5,262144,412,394,665.3401015228426
madrid,18,128375,98844,C1,gzip6,262144,802,748,350.4598930481283
madrid,18,128375,98844,C1,zstd3,262144,580,523,501.23135755258124
madrid,18,128375,98844,C1,brotli5,262144,424,406,645.6748768472906
madrid,18,128375,98844,flags,gzip6,262144,1502,1783,147.02411665731913
madrid,18,128375,98844,flags,zstd3,262144,1414,1897,138.18871903004745
madrid,18,128375,98844,flags,brotli5,262144,713,929,282.1786867599569
madrid,18,128375,98844,provenance,gzip6,262144,1661,1917,136.7470005216484
madrid,18,128375,98844,provenance,zstd3,262144,1415,1738,150.83084004602992
madrid,18,128375,98844,provenance,brotli5,262144,991,1289,203.3700543056633
madrid,18,128376,98844,G,gzip6,262144,21617,10300,25.45087378640777
madrid,18,128376,98844,G,zstd3,262144,27745,14698,17.835351748537217
madrid,18,128376,98844,G,brotli5,262144,18917,10876,24.102979036410446
madrid,18,128376,98844,B,gzip6,262144,1054,1121,233.84834968777878
madrid,18,128376,98844,B,zstd3,262144,905,792,330.989898989899
madrid,18,128376,98844,B,brotli5,262144,448,580,451.97241379310344
madrid,18,128376,98844,C0,gzip6,262144,1668,1226,213.82055464926592
madrid,18,128376,98844,C0,zstd3,262144,1428,954,274.7840670859539
madrid,18,128376,98844,C0,brotli5,262144,1059,768,341.3333333333333
madrid,18,128376,98844,C1,gzip6,262144,1801,1233,212.6066504460665
madrid,18,128376,98844,C1,zstd3,262144,1532,935,280.3679144385027
madrid,18,128376,98844,C1,brotli5,262144,1135,765,342.6718954248366
madrid,18,128376,98844,flags,gzip6,262144,1147,1489,176.05372733378107
madrid,18,128376,98844,flags,zstd3,262144,991,850,308.4047058823529
madrid,18,128376,98844,flags,brotli5,262144,404,563,465.61989342806396
madrid,18,128376,98844,provenance,gzip6,262144,1216,1338,195.9222720478326
madrid,18,128376,98844,provenance,zstd3,262144,835,990,264.7919191919192
madrid,18,128376,98844,provenance,brotli5,262144,480,653,401.4456355283308
madrid,18,128372,98845,G,gzip6,262144,14141,11047,23.729881415768986
madrid,18,128372,98845,G,zstd3,262144,20538,16161,16.220778417177154
madrid,18,128372,98845,G,brotli5,262144,12874,11357,23.082151976754425
madrid,18,128372,98845,B,gzip6,262144,2828,3644,71.93852908891328
madrid,18,128372,98845,B,zstd3,262144,3746,3388,77.37426210153482
madrid,18,128372,98845,B,brotli5,262144,1892,2548,102.88226059654632
madrid,18,128372,98845,C0,gzip6,262144,358,395,663.6556962025317
madrid,18,128372,98845,C0,zstd3,262144,143,143,1833.1748251748252
madrid,18,128372,98845,C0,brotli5,262144,79,109,2404.9908256880735
madrid,18,128372,98845,C1,gzip6,262144,362,395,663.6556962025317
madrid,18,128372,98845,C1,zstd3,262144,143,144,1820.4444444444443
madrid,18,128372,98845,C1,brotli5,262144,78,111,2361.6576576576576
madrid,18,128372,98845,flags,gzip6,262144,2199,2397,109.363370880267
madrid,18,128372,98845,flags,zstd3,262144,2542,2892,90.64453665283541
madrid,18,128372,98845,flags,brotli5,262144,1153,1433,182.93370551290997
madrid,18,128372,98845,provenance,gzip6,262144,2826,3599,72.83801055848846
madrid,18,128372,98845,provenance,zstd3,262144,3581,3410,76.87507331378299
madrid,18,128372,98845,provenance,brotli5,262144,1686,2343,111.88390951771234
madrid,18,128373,98845,G,gzip6,262144,12947,9879,26.535479299524244
madrid,18,128373,98845,G,zstd3,262144,20359,15178,17.27131374357623
madrid,18,128373,98845,G,brotli5,262144,11581,9629,27.224426212483124
madrid,18,128373,98845,B,gzip6,262144,3252,4296,61.02048417132216
madrid,18,128373,98845,B,zstd3,262144,4367,4129,63.48849600387503
madrid,18,128373,98845,B,brotli5,262144,2487,3165,82.8259083728278
madrid,18,128373,98845,C0,gzip6,262144,2031,1903,137.75302154492906
madrid,18,128373,98845,C0,zstd3,262144,1949,1763,148.6920022688599
madrid,18,128373,98845,C0,brotli5,262144,1474,1360,192.75294117647059
madrid,18,128373,98845,C1,gzip6,262144,2047,1911,137.17634746206176
madrid,18,128373,98845,C1,zstd3,262144,1943,1717,152.67559697146186
madrid,18,128373,98845,C1,brotli5,262144,1467,1338,195.9222720478326
madrid,18,128373,98845,flags,gzip6,262144,2823,2995,87.52721202003339
madrid,18,128373,98845,flags,zstd3,262144,3423,3721,70.44987906476753
madrid,18,128373,98845,flags,brotli5,262144,1419,1935,135.47493540051678
madrid,18,128373,98845,provenance,gzip6,262144,3453,4485,58.449052396878486
madrid,18,128373,98845,provenance,zstd3,262144,4399,4403,59.53758800817624
madrid,18,128373,98845,provenance,brotli5,262144,2265,3115,84.1553772070626
madrid,18,128374,98845,G,gzip6,262144,12502,10291,25.47313186279273
madrid,18,128374,98845,G,zstd3,262144,21620,13647,19.20891038323441
madrid,18,128374,98845,G,brotli5,262144,11855,10911,24.025662175785904
madrid,18,128374,98845,B,gzip6,262144,1474,1597,164.1477770820288
madrid,18,128374,98845,B,zstd3,262144,1279,1086,241.38489871086557
madrid,18,128374,98845,B,brotli5,262144,602,882,297.2154195011338
madrid,18,128374,98845,C0,gzip6,262144,1349,1330,197.10075187969926
madrid,18,128374,98845,C0,zstd3,262144,1222,1127,232.60337178349602
madrid,18,128374,98845,C0,brotli5,262144,912,920,284.9391304347826
madrid,18,128374,98845,C1,gzip6,262144,1352,1313,199.65270373191166
madrid,18,128374,98845,C1,zstd3,262144,1196,1122,233.63992869875221
madrid,18,128374,98845,C1,brotli5,262144,910,888,295.2072072072072
madrid,18,128374,98845,flags,gzip6,262144,1442,1731,151.44078567302137
madrid,18,128374,98845,flags,zstd3,262144,1430,1499,174.87925283522347
madrid,18,128374,98845,flags,brotli5,262144,519,747,350.92904953145916
madrid,18,128374,98845,provenance,gzip6,262144,1649,1905,137.60839895013123
madrid,18,128374,98845,provenance,zstd3,262144,1521,1494,175.46452476572958
madrid,18,128374,98845,provenance,brotli5,262144,656,931,281.57250268528463
madrid,18,128375,98845,G,gzip6,262144,15178,10481,25.011353878446712
madrid,18,128375,98845,G,zstd3,262144,23949,15144,17.310089804543054
madrid,18,128375,98845,G,brotli5,262144,13858,10706,24.485708948253315
madrid,18,128375,98845,B,gzip6,262144,2377,2445,107.21635991820041
madrid,18,128375,98845,B,zstd3,262144,2500,1869,140.258962011771
madrid,18,128375,98845,B,brotli5,262144,872,1310,200.10992366412214
madrid,18,128375,98845,C0,gzip6,262144,724,688,381.0232558139535
madrid,18,128375,98845,C0,zstd3,262144,532,468,560.1367521367522
madrid,18,128375,98845,C0,brotli5,262144,359,370,708.4972972972973
madrid,18,128375,98845,C1,gzip6,262144,725,692,378.8208092485549
madrid,18,128375,98845,C1,zstd3,262144,516,469,558.9424307036247
madrid,18,128375,98845,C1,brotli5,262144,356,368,712.3478260869565
madrid,18,128375,98845,flags,gzip6,262144,2384,2255,116.25011086474501
madrid,18,128375,98845,flags,zstd3,262144,2129,2471,106.08822339133954
madrid,18,128375,98845,flags,brotli5,262144,638,960,273.06666666666666
madrid,18,128375,98845,provenance,gzip6,262144,2376,2429,107.92260189378345
madrid,18,128375,98845,provenance,zstd3,262144,2379,1789,146.5310229178312
madrid,18,128375,98845,provenance,brotli5,262144,792,1185,221.2185654008439
madrid,18,128376,98845,G,gzip6,262144,16073,9977,26.274832113861883
madrid,18,128376,98845,G,zstd3,262144,19974,14761,17.759230404444143
madrid,18,128376,98845,G,brotli5,262144,14176,10447,25.092753900641334
madrid,18,128376,98845,B,gzip6,262144,3007,3744,70.01709401709402
madrid,18,128376,98845,B,zstd3,262144,3058,2661,98.51334084930477
madrid,18,128376,98845,B,brotli5,262144,1541,2096,125.06870229007633
madrid,18,128376,98845,C0,gzip6,262144,674,640,409.6
madrid,18,128376,98845,C0,zstd3,262144,474,429,611.0582750582751
madrid,18,128376,98845,C0,brotli5,262144,345,343,764.268221574344
madrid,18,128376,98845,C1,gzip6,262144,682,636,412.17610062893084
madrid,18,128376,98845,C1,zstd3,262144,483,429,611.0582750582751
madrid,18,128376,98845,C1,brotli5,262144,346,339,773.2861356932153
madrid,18,128376,98845,flags,gzip6,262144,3161,2829,92.6631318487098
madrid,18,128376,98845,flags,zstd3,262144,2938,3881,67.54547796959547
madrid,18,128376,98845,flags,brotli5,262144,977,1335,196.3625468164794
madrid,18,128376,98845,provenance,gzip6,262144,3013,3781,69.33192277175351
madrid,18,128376,98845,provenance,zstd3,262144,3369,2629,99.71243818942564
madrid,18,128376,98845,provenance,brotli5,262144,1375,2058,127.37803692905733
madrid,18,128372,98846,G,gzip6,262144,10906,8904,29.44115004492363
madrid,18,128372,98846,G,zstd3,262144,17393,14562,18.00192281280044
madrid,18,128372,98846,G,brotli5,262144,9789,10344,25.34261407579273
madrid,18,128372,98846,B,gzip6,262144,2126,2597,100.94108586830959
madrid,18,128372,98846,B,zstd3,262144,2619,2049,127.93753050268424
madrid,18,128372,98846,B,brotli5,262144,1217,1720,152.4093023255814
madrid,18,128372,98846,C0,gzip6,262144,458,521,503.15547024952014
madrid,18,128372,98846,C0,zstd3,262144,227,297,882.6397306397306
madrid,18,128372,98846,C0,brotli5,262144,171,219,1197.0045662100456
madrid,18,128372,98846,C1,gzip6,262144,464,521,503.15547024952014
madrid,18,128372,98846,C1,zstd3,262144,225,276,949.7971014492754
madrid,18,128372,98846,C1,brotli5,262144,173,217,1208.036866359447
madrid,18,128372,98846,flags,gzip6,262144,1996,2110,124.23886255924171
madrid,18,128372,98846,flags,zstd3,262144,2082,1944,134.84773662551441
madrid,18,128372,98846,flags,brotli5,262144,911,1018,257.50884086444006
madrid,18,128372,98846,provenance,gzip6,262144,2091,2515,104.23220675944334
madrid,18,128372,98846,provenance,zstd3,262144,2316,2030,129.13497536945812
madrid,18,128372,98846,provenance,brotli5,262144,1041,1533,171.0006523157208
madrid,18,128373,98846,G,gzip6,262144,11652,9006,29.107705973795248
madrid,18,128373,98846,G,zstd3,262144,13673,13698,19.13739232004672
madrid,18,128373,98846,G,brotli5,262144,10372,8996,29.14006224988884
madrid,18,128373,98846,B,gzip6,262144,2824,3867,67.79001810188777
madrid,18,128373,98846,B,zstd3,262144,3005,3769,69.55266648978508
madrid,18,128373,98846,B,brotli5,262144,2082,2916,89.89849108367626
madrid,18,128373,98846,C0,gzip6,262144,913,868,302.00921658986175
madrid,18,128373,98846,C0,zstd3,262144,619,637,411.52904238618527
madrid,18,128373,98846,C0,brotli5,262144,457,503,521.1610337972166
madrid,18,128373,98846,C1,gzip6,262144,929,856,306.2429906542056
madrid,18,128373,98846,C1,zstd3,262144,600,631,415.4421553090333
madrid,18,128373,98846,C1,brotli5,262144,468,509,515.0176817288801
madrid,18,128373,98846,flags,gzip6,262144,2705,2967,88.35321873946748
madrid,18,128373,98846,flags,zstd3,262144,2868,3325,78.8403007518797
madrid,18,128373,98846,flags,brotli5,262144,1518,1845,142.08346883468835
madrid,18,128373,98846,provenance,gzip6,262144,2868,3839,68.28444907528002
madrid,18,128373,98846,provenance,zstd3,262144,2526,3539,74.07290194970331
madrid,18,128373,98846,provenance,brotli5,262144,1882,2744,95.533527696793
madrid,18,128374,98846,G,gzip6,262144,12090,10077,26.014091495484767
madrid,18,128374,98846,G,zstd3,262144,20675,14831,17.67540961499562
madrid,18,128374,98846,G,brotli5,262144,12033,11015,23.798819791193825
madrid,18,128374,98846,B,gzip6,262144,3468,4273,61.34893517435057
madrid,18,128374,98846,B,zstd3,262144,3906,4269,61.406418364956664
madrid,18,128374,98846,B,brotli5,262144,2518,3275,80.04396946564886
madrid,18,128374,98846,C0,gzip6,262144,733,739,354.7280108254398
madrid,18,128374,98846,C0,zstd3,262144,537,556,471.48201438848923
madrid,18,128374,98846,C0,brotli5,262144,389,426,615.3615023474179
madrid,18,128374,98846,C1,gzip6,262144,832,830,315.8361445783133
madrid,18,128374,98846,C1,zstd3,262144,621,638,410.88401253918494
madrid,18,128374,98846,C1,brotli5,262144,474,496,528.516129032258
madrid,18,128374,98846,flags,gzip6,262144,3050,3534,74.17770232031693
madrid,18,128374,98846,flags,zstd3,262144,3493,4348,60.29070837166513
madrid,18,128374,98846,flags,brotli5,262144,1890,2221,118.0297163439892
madrid,18,128374,98846,provenance,gzip6,262144,3501,4320,60.681481481481484
madrid,18,128374,98846,provenance,zstd3,262144,3822,4129,63.48849600387503
madrid,18,128374,98846,provenance,brotli5,262144,2336,3074,85.27781392322707
madrid,18,128375,98846,G,gzip6,262144,12735,9331,28.093880613010395
madrid,18,128375,98846,G,zstd3,262144,21533,14827,17.680178053550954
madrid,18,128375,98846,G,brotli5,262144,12474,11023,23.781547673047264
madrid,18,128375,98846,B,gzip6,262144,3120,3667,71.48731933460594
madrid,18,128375,98846,B,zstd3,262144,3351,3210,81.66479750778817
madrid,18,128375,98846,B,brotli5,262144,1772,2421,108.2792234613796
madrid,18,128375,98846,C0,gzip6,262144,690,741,353.77058029689607
madrid,18,128375,98846,C0,zstd3,262144,497,529,495.54631379962194
madrid,18,128375,98846,C0,brotli5,262144,387,402,652.0995024875622
madrid,18,128375,98846,C1,gzip6,262144,706,744,352.3440860215054
madrid,18,128375,98846,C1,zstd3,262144,524,522,502.191570881226
madrid,18,128375,98846,C1,brotli5,262144,399,404,648.8712871287129
madrid,18,128375,98846,flags,gzip6,262144,2719,2780,94.29640287769784
madrid,18,128375,98846,flags,zstd3,262144,3115,3345,78.36890881913304
madrid,18,128375,98846,flags,brotli5,262144,1333,1450,180.78896551724137
madrid,18,128375,98846,provenance,gzip6,262144,3142,3670,71.42888283378747
madrid,18,128375,98846,provenance,zstd3,262144,3436,3358,78.06551518761168
madrid,18,128375,98846,provenance,brotli5,262144,1650,2271,115.43108762659621
madrid,18,128376,98846,G,gzip6,262144,10926,10216,25.660140955364135
madrid,18,128376,98846,G,zstd3,262144,18470,14517,18.057725425363365
madrid,18,128376,98846,G,brotli5,262144,10148,11101,23.61444914872534
madrid,18,128376,98846,B,gzip6,262144,3403,4109,63.797517644195665
madrid,18,128376,98846,B,zstd3,262144,3988,3680,71.23478260869565
madrid,18,128376,98846,B,brotli5,262144,2054,2722,96.30565760470242
madrid,18,128376,98846,C0,gzip6,262144,2452,2048,128.0
madrid,18,128376,98846,C0,zstd3,262144,2010,1887,138.92103868574458
madrid,18,128376,98846,C0,brotli5,262144,1578,1397,187.64781675017895
madrid,18,128376,98846,C1,gzip6,262144,2452,1976,132.66396761133603
madrid,18,128376,98846,C1,zstd3,262144,1969,1742,150.48450057405282
madrid,18,128376,98846,C1,brotli5,262144,1574,1388,188.86455331412103
madrid,18,128376,98846,flags,gzip6,262144,3218,3250,80.65969230769231
madrid,18,128376,98846,flags,zstd3,262144,4425,4336,60.457564575645755
madrid,18,128376,98846,flags,brotli5,262144,1444,1876,139.73560767590618
madrid,18,128376,98846,provenance,gzip6,262144,3568,4202,62.38553069966682
madrid,18,128376,98846,provenance,zstd3,262144,4001,3660,71.624043715847
madrid,18,128376,98846,provenance,brotli5,262144,1924,2684,97.66915052160954
kent,18,42061,91792,G,gzip6,262144,5961,6904,37.96987253765933
kent,18,42061,91792,G,zstd3,262144,7404,10204,25.69031752254018
kent,18,42061,91792,G,brotli5,262144,4671,7765,33.759690920798455
kent,18,42061,91792,B,gzip6,262144,1124,947,276.81520591341075
kent,18,42061,91792,B,zstd3,262144,799,465,563.7505376344086
kent,18,42061,91792,B,brotli5,262144,199,278,942.9640287769785
kent,18,42061,91792,C0,gzip6,262144,3466,3793,69.11257579752176
kent,18,42061,91792,C0,zstd3,262144,3131,3447,76.0498984624311
kent,18,42061,91792,C0,brotli5,262144,2411,2807,93.38938368364802
kent,18,42061,91792,C1,gzip6,262144,3467,3802,68.94897422409258
kent,18,42061,91792,C1,zstd3,262144,3093,3337,78.55678753371292
kent,18,42061,91792,C1,brotli5,262144,2433,2728,96.09384164222874
kent,18,42061,91792,flags,gzip6,262144,2060,2090,125.42775119617225
kent,18,42061,91792,flags,zstd3,262144,1720,2249,116.56024899955536
kent,18,42061,91792,flags,brotli5,262144,549,725,361.57793103448273
kent,18,42061,91792,provenance,gzip6,262144,1813,1756,149.28473804100227
kent,18,42061,91792,provenance,zstd3,262144,1528,1514,173.14663143989432
kent,18,42061,91792,provenance,brotli5,262144,559,727,360.58321870701513
kent,18,42062,91792,G,gzip6,262144,6189,7045,37.20993612491129
kent,18,42062,91792,G,zstd3,262144,8843,10428,25.138473341004985
kent,18,42062,91792,G,brotli5,262144,5143,8738,30.0004577706569
kent,18,42062,91792,B,gzip6,262144,1103,1112,235.74100719424462
kent,18,42062,91792,B,zstd3,262144,861,752,348.59574468085106
kent,18,42062,91792,B,brotli5,262144,336,405,647.2691358024691
kent,18,42062,91792,C0,gzip6,262144,3098,3508,74.72748004561004
kent,18,42062,91792,C0,zstd3,262144,2855,3087,84.91869128603823
kent,18,42062,91792,C0,brotli5,262144,2191,2479,105.74586526825333
kent,18,42062,91792,C1,gzip6,262144,3138,3615,72.51562932226832
kent,18,42062,91792,C1,zstd3,262144,2940,3011,87.06210561275324
kent,18,42062,91792,C1,brotli5,262144,2240,2458,106.6493083807974
kent,18,42062,91792,flags,gzip6,262144,1946,2109,124.2977714556662
kent,18,42062,91792,flags,zstd3,262144,2072,2267,115.63475959417732
kent,18,42062,91792,flags,brotli5,262144,1137,923,284.0130010834236
kent,18,42062,91792,provenance,gzip6,262144,1982,1942,134.98661174047373
kent,18,42062,91792,provenance,zstd3,262144,2127,2082,125.90970220941402
kent,18,42062,91792,provenance,brotli5,262144,1158,905,289.6618784530387
kent,18,42063,91792,G,gzip6,262144,7001,7696,34.062370062370064
kent,18,42063,91792,G,zstd3,262144,10110,11667,22.468843747321504
kent,18,42063,91792,G,brotli5,262144,5701,9172,28.580898386393372
kent,18,42063,91792,B,gzip6,262144,1096,945,277.4010582010582
kent,18,42063,91792,B,zstd3,262144,706,373,702.798927613941
kent,18,42063,91792,B,brotli5,262144,248,298,879.6778523489933
kent,18,42063,91792,C0,gzip6,262144,5173,5367,48.84367430594373
kent,18,42063,91792,C0,zstd3,262144,4803,5024,52.17834394904459
kent,18,42063,91792,C0,brotli5,262144,3735,4125,63.550060606060605
kent,18,42063,91792,C1,gzip6,262144,5202,5588,46.91195418754474
kent,18,42063,91792,C1,zstd3,262144,4851,4903,53.46604119926575
kent,18,42063,91792,C1,brotli5,262144,3764,4058,64.59931000492854
kent,18,42063,91792,flags,gzip6,262144,1971,2079,126.0913900913901
kent,18,42063,91792,flags,zstd3,262144,1818,2866,91.46685275645498
kent,18,42063,91792,flags,brotli5,262144,920,921,284.6297502714441
kent,18,42063,91792,provenance,gzip6,262144,2063,1921,136.46225923997918
kent,18,42063,91792,provenance,zstd3,262144,2150,2430,107.87818930041152
kent,18,42063,91792,provenance,brotli5,262144,1089,905,289.6618784530387
kent,18,42064,91792,G,gzip6,262144,7618,8530,30.73200468933177
kent,18,42064,91792,G,zstd3,262144,10566,13288,19.72787477423239
kent,18,42064,91792,G,brotli5,262144,6318,10509,24.94471405461985
kent,18,42064,91792,B,gzip6,262144,620,551,475.7604355716878
kent,18,42064,91792,B,zstd3,262144,346,366,716.24043715847
kent,18,42064,91792,B,brotli5,262144,109,150,1747.6266666666668
kent,18,42064,91792,C0,gzip6,262144,7769,7469,35.09760342750033
kent,18,42064,91792,C0,zstd3,262144,7140,7388,35.48240389821332
kent,18,42064,91792,C0,brotli5,262144,5825,6180,42.41812297734628
kent,18,42064,91792,C1,gzip6,262144,7810,7589,34.54262748715246
kent,18,42064,91792,C1,zstd3,262144,7031,7112,36.85939257592801
kent,18,42064,91792,C1,brotli5,262144,5820,6011,43.610713691565465
kent,18,42064,91792,flags,gzip6,262144,2300,2082,125.90970220941402
kent,18,42064,91792,flags,zstd3,262144,2679,2450,106.99755102040817
kent,18,42064,91792,flags,brotli5,262144,579,763,343.57011795543906
kent,18,42064,91792,provenance,gzip6,262144,2250,2034,128.8810226155359
kent,18,42064,91792,provenance,zstd3,262144,1827,2536,103.36908517350157
kent,18,42064,91792,provenance,brotli5,262144,581,754,347.6710875331565
kent,18,42065,91792,G,gzip6,262144,7101,7852,33.38563423331635
kent,18,42065,91792,G,zstd3,262144,9112,13059,20.07381882226817
kent,18,42065,91792,G,brotli5,262144,5456,9866,26.570443948915468
kent,18,42065,91792,B,gzip6,262144,1337,1079,242.95088044485635
kent,18,42065,91792,B,zstd3,262144,1090,413,634.7312348668281
kent,18,42065,91792,B,brotli5,262144,201,269,974.5130111524163
kent,18,42065,91792,C0,gzip6,262144,2953,3291,79.6548161652993
kent,18,42065,91792,C0,zstd3,262144,2607,2821,92.92591279688054
kent,18,42065,91792,C0,brotli5,262144,1943,2285,114.7238512035011
kent,18,42065,91792,C1,gzip6,262144,2935,3342,78.4392579293836
kent,18,42065,91792,C1,zstd3,262144,2679,2750,95.3250909090909
kent,18,42065,91792,C1,brotli5,262144,1968,2202,119.04813805631244
kent,18,42065,91792,flags,gzip6,262144,1741,1929,135.89631933644375
kent,18,42065,91792,flags,zstd3,262144,1506,2225,117.81752808988765
kent,18,42065,91792,flags,brotli5,262144,424,555,472.33153153153154
kent,18,42065,91792,provenance,gzip6,262144,1644,1648,159.06796116504853
kent,18,42065,91792,provenance,zstd3,262144,2283,1557,168.36480411046884
kent,18,42065,91792,provenance,brotli5,262144,643,573,457.4938917975567
kent,18,42061,91793,G,gzip6,262144,7419,8107,32.335512520044404
kent,18,42061,91793,G,zstd3,262144,9261,11868,22.08830468486687
kent,18,42061,91793,G,brotli5,262144,6277,9500,27.594105263157896
kent,18,42061,91793,B,gzip6,262144,1005,915,286.496174863388
kent,18,42061,91793,B,zstd3,262144,955,455,576.1406593406593
kent,18,42061,91793,B,brotli5,262144,158,234,1120.2735042735044
kent,18,42061,91793,C0,gzip6,262144,4196,4476,58.56657730116175
kent,18,42061,91793,C0,zstd3,262144,3945,4097,63.98437881376617
kent,18,42061,91793,C0,brotli5,262144,3061,3340,78.48622754491018
kent,18,42061,91793,C1,gzip6,262144,4155,4463,58.73717230562402
kent,18,42061,91793,C1,zstd3,262144,3989,3951,66.34877246266768
kent,18,42061,91793,C1,brotli5,262144,3095,3182,82.38340666247643
kent,18,42061,91793,flags,gzip6,262144,1952,2016,130.03174603174602
kent,18,42061,91793,flags,zstd3,262144,2116,1980,132.3959595959596
kent,18,42061,91793,flags,brotli5,262144,792,705,371.8354609929078
kent,18,42061,91793,provenance,gzip6,262144,1918,1868,140.33404710920772
kent,18,42061,91793,provenance,zstd3,262144,2112,1650,158.87515151515152
kent,18,42061,91793,provenance,brotli5,262144,754,708,370.2598870056497
kent,18,42062,91793,G,gzip6,262144,7546,8254,31.759631693724256
kent,18,42062,91793,G,zstd3,262144,11251,12069,21.720440798740576
kent,18,42062,91793,G,brotli5,262144,6425,9816,26.705786471067643
kent,18,42062,91793,B,gzip6,262144,1223,1457,179.920384351407
kent,18,42062,91793,B,zstd3,262144,818,491,533.8981670061099
kent,18,42062,91793,B,brotli5,262144,229,333,787.2192192192192
kent,18,42062,91793,C0,gzip6,262144,2306,2540,103.20629921259842
kent,18,42062,91793,C0,zstd3,262144,1948,2156,121.58812615955473
kent,18,42062,91793,C0,brotli5,262144,1555,1750,149.79657142857144
kent,18,42062,91793,C1,gzip6,262144,2361,2577,101.72448583624369
kent,18,42062,91793,C1,zstd3,262144,2099,2123,123.47809703250118
kent,18,42062,91793,C1,brotli5,262144,1597,1730,151.52832369942197
kent,18,42062,91793,flags,gzip6,262144,1799,1977,132.59686393525544
kent,18,42062,91793,flags,zstd3,262144,1085,1437,182.42449547668755
kent,18,42062,91793,flags,brotli5,262144,543,600,436.9066666666667
kent,18,42062,91793,provenance,gzip6,262144,1748,1957,133.951967296883
kent,18,42062,91793,provenance,zstd3,262144,1460,1259,208.21604447974582
kent,18,42062,91793,provenance,brotli5,262144,582,606,432.5808580858086
kent,18,42063,91793,G,gzip6,262144,6599,7456,35.1587982832618
kent,18,42063,91793,G,zstd3,262144,9208,10772,24.33568510954326
kent,18,42063,91793,G,brotli5,262144,5217,8807,29.765413875326445
kent,18,42063,91793,B,gzip6,262144,1451,1417,184.99929428369796
kent,18,42063,91793,B,zstd3,262144,1216,622,421.4533762057878
kent,18,42063,91793,B,brotli5,262144,342,470,557.7531914893617
kent,18,42063,91793,C0,gzip6,262144,3958,4025,65.12894409937888
kent,18,42063,91793,C0,zstd3,262144,3550,3730,70.27989276139411
kent,18,42063,91793,C0,brotli5,262144,2805,3069,85.41674812642555
kent,18,42063,91793,C1,gzip6,262144,3983,4134,63.41170778906628
kent,18,42063,91793,C1,zstd3,262144,3727,3605,72.71678224687933
kent,18,42063,91793,C1,brotli5,262144,2819,3025,86.65917355371901
kent,18,42063,91793,flags,gzip6,262144,2001,2197,119.3190714610833
kent,18,42063,91793,flags,zstd3,262144,2523,1878,139.58679446219384
kent,18,42063,91793,flags,brotli5,262144,782,909,288.3872387238724
kent,18,42063,91793,provenance,gzip6,262144,2078,2162,121.25069380203516
kent,18,42063,91793,provenance,zstd3,262144,2536,1843,142.23765599565925
kent,18,42063,91793,provenance,brotli5,262144,792,915,286.496174863388
kent,18,42064,91793,G,gzip6,262144,6505,7391,35.468001623596265
kent,18,42064,91793,G,zstd3,262144,8323,11115,23.584705353126406
kent,18,42064,91793,G,brotli5,262144,5032,8886,29.500787756020706
kent,18,42064,91793,B,gzip6,262144,566,520,504.12307692307695
kent,18,42064,91793,B,zstd3,262144,391,160,1638.4
kent,18,42064,91793,B,brotli5,262144,96,120,2184.5333333333333
kent,18,42064,91793,C0,gzip6,262144,9905,9541,27.475526674352793
kent,18,42064,91793,C0,zstd3,262144,9218,9665,27.123021210553542
kent,18,42064,91793,C0,brotli5,262144,7498,7921,33.09481126120439
kent,18,42064,91793,C1,gzip6,262144,10004,10051,26.081384936822207
kent,18,42064,91793,C1,zstd3,262144,9551,9415,27.84322889006904
kent,18,42064,91793,C1,brotli5,262144,7667,7765,33.759690920798455
kent,18,42064,91793,flags,gzip6,262144,2793,2699,97.12634309003334
kent,18,42064,91793,flags,zstd3,262144,2689,3466,75.63300634737449
kent,18,42064,91793,flags,brotli5,262144,906,893,293.55431131019037
kent,18,42064,91793,provenance,gzip6,262144,2985,2636,99.44764795144158
kent,18,42064,91793,provenance,zstd3,262144,3776,3258,80.46163290362185
kent,18,42064,91793,provenance,brotli5,262144,1327,868,302.00921658986175
kent,18,42065,91793,G,gzip6,262144,6738,7562,34.665961385876756
kent,18,42065,91793,G,zstd3,262144,7992,11166,23.476983700519433
kent,18,42065,91793,G,brotli5,262144,5444,8956,29.270209915140686
kent,18,42065,91793,B,gzip6,262144,1154,1112,235.74100719424462
kent,18,42065,91793,B,zstd3,262144,929,470,557.7531914893617
kent,18,42065,91793,B,brotli5,262144,216,293,894.6894197952219
kent,18,42065,91793,C0,gzip6,262144,3279,3616,72.49557522123894
kent,18,42065,91793,C0,zstd3,262144,3044,3254,80.56054087277197
kent,18,42065,91793,C0,brotli5,262144,2294,2617,100.16965991593428
kent,18,42065,91793,C1,gzip6,262144,3227,3632,72.1762114537445
kent,18,42065,91793,C1,zstd3,262144,2944,3073,85.30556459485844
kent,18,42065,91793,C1,brotli5,262144,2253,2559,102.44001563110591
kent,18,42065,91793,flags,gzip6,262144,1869,1869,140.258962011771
kent,18,42065,91793,flags,zstd3,262144,1567,2308,113.58058925476602
kent,18,42065,91793,flags,brotli5,262144,643,686,382.134110787172
kent,18,42065,91793,provenance,gzip6,262144,1824,1737,150.91767415083478
kent,18,42065,91793,provenance,zstd3,262144,2308,1574,166.5463786531131
kent,18,42065,91793,provenance,brotli5,262144,665,672,390.0952380952381
kent,18,42061,91794,G,gzip6,262144,6941,7781,33.69027117337103
kent,18,42061,91794,G,zstd3,262144,8587,11704,22.39781271360219
kent,18,42061,91794,G,brotli5,262144,5793,9272,28.272648835202762
kent,18,42061,91794,B,gzip6,262144,1481,1255,208.8796812749004
kent,18,42061,91794,B,zstd3,262144,811,490,534.9877551020409
kent,18,42061,91794,B,brotli5,262144,225,333,787.2192192192192
kent,18,42061,91794,C0,gzip6,262144,3805,4261,61.52170851912697
kent,18,42061,91794,C0,zstd3,262144,3611,3901,67.19917969751346
kent,18,42061,91794,C0,brotli5,262144,2653,3075,85.25008130081301
kent,18,42061,91794,C1,gzip6,262144,3889,4349,60.27684525178202
kent,18,42061,91794,C1,zstd3,262144,3600,3798,69.02159031068983
kent,18,42061,91794,C1,brotli5,262144,2726,3020,86.80264900662252
kent,18,42061,91794,flags,gzip6,262144,2174,2265,115.73686534216336
kent,18,42061,91794,flags,zstd3,262144,2974,2342,111.93168232280102
kent,18,42061,91794,flags,brotli5,262144,684,854,306.96018735363
kent,18,42061,91794,provenance,gzip6,262144,2226,2147,122.09781089892874
kent,18,42061,91794,provenance,zstd3,262144,2449,1990,131.73065326633167
kent,18,42061,91794,provenance,brotli5,262144,693,848,309.1320754716981
kent,18,42062,91794,G,gzip6,262144,5460,6472,40.504326328800985
kent,18,42062,91794,G,zstd3,262144,6864,9383,27.9381860812107
kent,18,42062,91794,G,brotli5,262144,4088,7175,36.53574912891986
kent,18,42062,91794,B,gzip6,262144,1561,1451,180.6643694004135
kent,18,42062,91794,B,zstd3,262144,852,568,461.5211267605634
kent,18,42062,91794,B,brotli5,262144,287,403,650.4813895781638
kent,18,42062,91794,C0,gzip6,262144,2834,3019,86.83140112620073
kent,18,42062,91794,C0,zstd3,262144,2498,2693,97.34274043817304
kent,18,42062,91794,C0,brotli5,262144,1895,2124,123.41996233521657
kent,18,42062,91794,C1,gzip6,262144,2934,3116,84.12836970474967
kent,18,42062,91794,C1,zstd3,262144,2566,2611,100.39984680199157
kent,18,42062,91794,C1,brotli5,262144,1989,2074,126.3953712632594
kent,18,42062,91794,flags,gzip6,262144,1963,2208,118.72463768115942
kent,18,42062,91794,flags,zstd3,262144,2176,2320,112.99310344827586
kent,18,42062,91794,flags,brotli5,262144,953,754,347.6710875331565
kent,18,42062,91794,provenance,gzip6,262144,2082,2157,121.53175707000463
kent,18,42062,91794,provenance,zstd3,262144,2145,1816,144.352422907489
kent,18,42062,91794,provenance,brotli5,262144,990,768,341.3333333333333
kent,18,42063,91794,G,gzip6,262144,5589,6658,39.37278462000601
kent,18,42063,91794,G,zstd3,262144,7082,9109,28.77857064441761
kent,18,42063,91794,G,brotli5,262144,4307,7202,36.39877811718967
kent,18,42063,91794,B,gzip6,262144,1197,1094,239.6197440585009
kent,18,42063,91794,B,zstd3,262144,988,387,677.374677002584
kent,18,42063,91794,B,brotli5,262144,161,206,1272.5436893203882
kent,18,42063,91794,C0,gzip6,262144,4579,4761,55.06070153329132
kent,18,42063,91794,C0,zstd3,262144,4192,4356,60.17998163452709
kent,18,42063,91794,C0,brotli5,262144,3232,3493,75.0483824792442
kent,18,42063,91794,C1,gzip6,262144,4554,4945,53.011931243680486
kent,18,42063,91794,C1,zstd3,262144,4259,4174,62.80402491614758
kent,18,42063,91794,C1,brotli5,262144,3266,3355,78.13532041728763
kent,18,42063,91794,flags,gzip6,262144,2230,2132,122.95684803001876
kent,18,42063,91794,flags,zstd3,262144,1859,1792,146.28571428571428
kent,18,42063,91794,flags,brotli5,262144,700,784,334.3673469387755
kent,18,42063,91794,provenance,gzip6,262144,2351,1960,133.74693877551022
kent,18,42063,91794,provenance,zstd3,262144,2810,1828,143.40481400437636
kent,18,42063,91794,provenance,brotli5,262144,721,789,332.2484157160963
kent,18,42064,91794,G,gzip6,262144,6598,7232,36.24778761061947
kent,18,42064,91794,G,zstd3,262144,9559,10437,25.11679601418032
kent,18,42064,91794,G,brotli5,262144,5696,8951,29.28656016087588
kent,18,42064,91794,B,gzip6,262144,1056,987,265.596757852077
kent,18,42064,91794,B,zstd3,262144,436,295,888.6237288135593
kent,18,42064,91794,B,brotli5,262144,148,216,1213.6296296296296
kent,18,42064,91794,C0,gzip6,262144,4395,4537,57.779149217544635
kent,18,42064,91794,C0,zstd3,262144,4244,3984,65.79919678714859
kent,18,42064,91794,C0,brotli5,262144,3133,3314,79.10199155099578
kent,18,42064,91794,C1,gzip6,262144,4483,4738,55.327986492190796
kent,18,42064,91794,C1,zstd3,262144,4352,3987,65.74968648106345
kent,18,42064,91794,C1,brotli5,262144,3192,3265,80.28912710566615
kent,18,42064,91794,flags,gzip6,262144,2260,2002,130.94105894105894
kent,18,42064,91794,flags,zstd3,262144,2191,1876,139.73560767590618
kent,18,42064,91794,flags,brotli5,262144,487,559,468.9516994633274
kent,18,42064,91794,provenance,gzip6,262144,1951,1921,136.46225923997918
kent,18,42064,91794,provenance,zstd3,262144,1427,1518,172.69038208168644
kent,18,42064,91794,provenance,brotli5,262144,524,551,475.7604355716878
kent,18,42065,91794,G,gzip6,262144,7311,7935,33.036420919974795
kent,18,42065,91794,G,zstd3,262144,9722,12409,21.125312273349987
kent,18,42065,91794,G,brotli5,262144,5902,9608,27.283930058284763
kent,18,42065,91794,B,gzip6,262144,1297,1200,218.45333333333335
kent,18,42065,91794,B,zstd3,262144,1279,513,511.00194931773876
kent,18,42065,91794,B,brotli5,262144,253,351,746.8490028490029
kent,18,42065,91794,C0,gzip6,262144,3732,3988,65.73319959879639
kent,18,42065,91794,C0,zstd3,262144,3179,3613,72.55577082756712
kent,18,42065,91794,C0,brotli5,262144,2504,2806,93.42266571632217
kent,18,42065,91794,C1,gzip6,262144,3876,4184,62.653919694072655
kent,18,42065,91794,C1,zstd3,262144,3334,3575,73.326993006993
kent,18,42065,91794,C1,brotli5,262144,2607,2862,91.59468902865129
kent,18,42065,91794,flags,gzip6,262144,2000,2096,125.06870229007633
kent,18,42065,91794,flags,zstd3,262144,2184,1721,152.3207437536316
kent,18,42065,91794,flags,brotli5,262144,527,745,351.8711409395973
kent,18,42065,91794,provenance,gzip6,262144,1826,1883,139.21614445034518
kent,18,42065,91794,provenance,zstd3,262144,2345,1553,168.79845460399227
kent,18,42065,91794,provenance,brotli5,262144,528,740,354.24864864864867
kent,18,42061,91795,G,gzip6,262144,6675,7430,35.281830417227454
kent,18,42061,91795,G,zstd3,262144,7726,11529,22.73779165582444
kent,18,42061,91795,G,brotli5,262144,5165,9113,28.765938768791838
kent,18,42061,91795,B,gzip6,262144,1734,1614,162.4188351920694
kent,18,42061,91795,B,zstd3,262144,2019,713,367.6633941093969
kent,18,42061,91795,B,brotli5,262144,399,535,489.988785046729
kent,18,42061,91795,C0,gzip6,262144,5511,5892,44.49151391717583
kent,18,42061,91795,C0,zstd3,262144,4968,5554,47.19913575801225
kent,18,42061,91795,C0,brotli5,262144,3885,4413,59.402673917969636
kent,18,42061,91795,C1,gzip6,262144,5456,5918,44.29604596147347
kent,18,42061,91795,C1,zstd3,262144,4891,5349,49.00803888577304
kent,18,42061,91795,C1,brotli5,262144,3892,4251,61.66643142789932
kent,18,42061,91795,flags,gzip6,262144,2529,2614,100.28462127008416
kent,18,42061,91795,flags,zstd3,262144,3988,2151,121.87075778707577
kent,18,42061,91795,flags,brotli5,262144,1022,1114,235.31777378815082
kent,18,42061,91795,provenance,gzip6,262144,2515,2502,104.77378097521982
kent,18,42061,91795,provenance,zstd3,262144,2652,1995,131.40050125313283
kent,18,42061,91795,provenance,brotli5,262144,811,1112,235.74100719424462
kent,18,42062,91795,G,gzip6,262144,6605,7507,34.919941388037834
kent,18,42062,91795,G,zstd3,262144,8809,10986,23.86164208993264
kent,18,42062,91795,G,brotli5,262144,5277,8948,29.296379079123827
kent,18,42062,91795,B,gzip6,262144,1692,1381,189.82186821144097
kent,18,42062,91795,B,zstd3,262144,1215,562,466.44839857651243
kent,18,42062,91795,B,brotli5,262144,253,322,814.111801242236
kent,18,42062,91795,C0,gzip6,262144,4683,4927,53.20560178607672
kent,18,42062,91795,C0,zstd3,262144,4290,4684,55.96584116140051
kent,18,42062,91795,C0,brotli5,262144,3360,3705,70.75411605937921
kent,18,42062,91795,C1,gzip6,262144,4764,5112,51.280125195618155
kent,18,42062,91795,C1,zstd3,262144,4342,4529,57.88120998012806
kent,18,42062,91795,C1,brotli5,262144,3423,3645,71.91879286694102
kent,18,42062,91795,flags,gzip6,262144,2379,2324,112.79862306368331
kent,18,42062,91795,flags,zstd3,262144,2351,2151,121.87075778707577
kent,18,42062,91795,flags,brotli5,262144,702,894,293.22595078299776
kent,18,42062,91795,provenance,gzip6,262144,2397,2220,118.08288288288288
kent,18,42062,91795,provenance,zstd3,262144,2464,2084,125.78886756238003
kent,18,42062,91795,provenance,brotli5,262144,845,896,292.57142857142856
kent,18,42063,91795,G,gzip6,262144,6976,7517,34.87348676333644
kent,18,42063,91795,G,zstd3,262144,8597,11751,22.30822908688622
kent,18,42063,91795,G,brotli5,262144,5646,8706,30.110728233402252
kent,18,42063,91795,B,gzip6,262144,1959,1586,165.28625472887768
kent,18,42063,91795,B,zstd3,262144,1450,659,397.7905918057663
kent,18,42063,91795,B,brotli5,262144,300,419,625.6420047732697
kent,18,42063,91795,C0,gzip6,262144,6261,6522,40.19380558111009
kent,18,42063,91795,C0,zstd3,262144,5850,6186,42.376980278047206
kent,18,42063,91795,C0,brotli5,262144,4477,4949,52.969084663568395
kent,18,42063,91795,C1,gzip6,262144,6235,6563,39.94270912692366
kent,18,42063,91795,C1,zstd3,262144,5846,5900,44.43118644067797
kent,18,42063,91795,C1,brotli5,262144,4461,4825,54.33036269430052
kent,18,42063,91795,flags,gzip6,262144,2437,2368,110.70270270270271
kent,18,42063,91795,flags,zstd3,262144,2916,2042,128.37610186092067
kent,18,42063,91795,flags,brotli5,262144,621,838,312.82100238663486
kent,18,42063,91795,provenance,gzip6,262144,2471,2326,112.70163370593293
kent,18,42063,91795,provenance,zstd3,262144,1852,1762,148.77639046538025
kent,18,42063,91795,provenance,brotli5,262144,629,854,306.96018735363
kent,18,42064,91795,G,gzip6,262144,7033,7779,33.69893302481039
kent,18,42064,91795,G,zstd3,262144,9312,12611,20.786932043454126
kent,18,42064,91795,G,brotli5,262144,5812,9961,26.317036442124284
kent,18,42064,91795,B,gzip6,262144,1699,1584,165.4949494949495
kent,18,42064,91795,B,zstd3,262144,802,449,583.8396436525612
kent,18,42064,91795,B,brotli5,262144,181,248,1057.032258064516
kent,18,42064,91795,C0,gzip6,262144,1478,1648,159.06796116504853
kent,18,42064,91795,C0,zstd3,262144,1214,1334,196.50974512743628
kent,18,42064,91795,C0,brotli5,262144,910,1056,248.24242424242425
kent,18,42064,91795,C1,gzip6,262144,1436,1619,161.91723285979
kent,18,42064,91795,C1,zstd3,262144,1185,1236,212.0906148867314
kent,18,42064,91795,C1,brotli5,262144,873,968,270.8099173553719
kent,18,42064,91795,flags,gzip6,262144,2473,2220,118.08288288288288
kent,18,42064,91795,flags,zstd3,262144,1742,952,275.3613445378151
kent,18,42064,91795,flags,brotli5,262144,478,404,648.8712871287129
kent,18,42064,91795,provenance,gzip6,262144,2018,1909,137.3200628601362
kent,18,42064,91795,provenance,zstd3,262144,1179,816,321.2549019607843
kent,18,42064,91795,provenance,brotli5,262144,348,457,573.6192560175054
kent,18,42065,91795,G,gzip6,262144,5616,6159,42.56275369378146
kent,18,42065,91795,G,zstd3,262144,7877,8674,30.22181231265852
kent,18,42065,91795,G,brotli5,262144,5473,6174,42.45934564301911
kent,18,42065,91795,B,gzip6,262144,1354,1355,193.46420664206642
kent,18,42065,91795,B,zstd3,262144,575,761,344.473061760841
kent,18,42065,91795,B,brotli5,262144,260,355,738.4338028169014
kent,18,42065,91795,C0,gzip6,262144,1278,1361,192.61131520940484
kent,18,42065,91795,C0,zstd3,262144,969,1089,240.71992653810835
kent,18,42065,91795,C0,brotli5,262144,757,868,302.00921658986175
kent,18,42065,91795,C1,gzip6,262144,1208,1325,197.84452830188678
kent,18,42065,91795,C1,zstd3,262144,944,996,263.19678714859435
kent,18,42065,91795,C1,brotli5,262144,717,769,340.889466840052
kent,18,42065,91795,flags,gzip6,262144,2046,1778,147.43757030371205
kent,18,42065,91795,flags,zstd3,262144,1646,1968,133.20325203252034
kent,18,42065,91795,flags,brotli5,262144,312,441,594.4308390022676
kent,18,42065,91795,provenance,gzip6,262144,1515,1523,172.12344057780695
kent,18,42065,91795,provenance,zstd3,262144,1528,891,294.2132435465769
kent,18,42065,91795,provenance,brotli5,262144,332,439,597.1389521640091
kent,18,42061,91796,G,gzip6,262144,7666,8183,32.03519491628987
kent,18,42061,91796,G,zstd3,262144,10231,12337,21.24860176704223
kent,18,42061,91796,G,brotli5,262144,6568,9919,26.42847061195685
kent,18,42061,91796,B,gzip6,262144,1403,1137,230.5576077396658
kent,18,42061,91796,B,zstd3,262144,665,502,522.199203187251
kent,18,42061,91796,B,brotli5,262144,205,297,882.6397306397306
kent,18,42061,91796,C0,gzip6,262144,6646,6742,38.88223079204984
kent,18,42061,91796,C0,zstd3,262144,6019,6444,40.68032278088144
kent,18,42061,91796,C0,brotli5,262144,4832,5150,50.90174757281554
kent,18,42061,91796,C1,gzip6,262144,6602,6693,39.166890781413414
kent,18,42061,91796,C1,zstd3,262144,5954,6142,42.68056007815044
kent,18,42061,91796,C1,brotli5,262144,4807,4929,53.18401298437817
kent,18,42061,91796,flags,gzip6,262144,2510,2455,106.779633401222
kent,18,42061,91796,flags,zstd3,262144,4113,2242,116.92417484388939
kent,18,42061,91796,flags,brotli5,262144,700,925,283.3989189189189
kent,18,42061,91796,provenance,gzip6,262144,2459,2414,108.59320629660314
kent,18,42061,91796,provenance,zstd3,262144,2117,2048,128.0
kent,18,42061,91796,provenance,brotli5,262144,717,908,288.704845814978
kent,18,42062,91796,G,gzip6,262144,7314,7905,33.1617963314358
kent,18,42062,91796,G,zstd3,262144,10177,12561,20.869675981211685
kent,18,42062,91796,G,brotli5,262144,5970,9893,26.497927827757
kent,18,42062,91796,B,gzip6,262144,1531,1491,175.81757209926224
kent,18,42062,91796,B,zstd3,262144,1420,634,413.4763406940063
kent,18,42062,91796,B,brotli5,262144,331,472,555.3898305084746
kent,18,42062,91796,C0,gzip6,262144,3855,4185,62.6389486260454
kent,18,42062,91796,C0,zstd3,262144,3507,3859,67.93055195646541
kent,18,42062,91796,C0,brotli5,262144,2721,3143,83.40566337893732
kent,18,42062,91796,C1,gzip6,262144,3907,4301,60.9495466170658
kent,18,42062,91796,C1,zstd3,262144,3533,3779,69.36861603598835
kent,18,42062,91796,C1,brotli5,262144,2763,3146,83.32612841703751
kent,18,42062,91796,flags,gzip6,262144,2352,2422,108.23451692815854
kent,18,42062,91796,flags,zstd3,262144,2604,2541,103.16568280204643
kent,18,42062,91796,flags,brotli5,262144,1001,881,297.5527809307605
kent,18,42062,91796,provenance,gzip6,262144,2188,2205,118.88616780045352
kent,18,42062,91796,provenance,zstd3,262144,2245,1883,139.21614445034518
kent,18,42062,91796,provenance,brotli5,262144,968,879,298.22980659840727
kent,18,42063,91796,G,gzip6,262144,6075,6875,38.130036363636364
kent,18,42063,91796,G,zstd3,262144,8387,10758,24.36735452686373
kent,18,42063,91796,G,brotli5,262144,4692,8214,31.914292671049427
kent,18,42063,91796,B,gzip6,262144,1130,1082,242.27726432532347
kent,18,42063,91796,B,zstd3,262144,984,514,510.0077821011673
kent,18,42063,91796,B,brotli5,262144,278,386,679.1295336787565
kent,18,42063,91796,C0,gzip6,262144,7322,7128,36.77665544332211
kent,18,42063,91796,C0,zstd3,262144,7392,7091,36.96855168523481
kent,18,42063,91796,C0,brotli5,262144,5627,5802,45.18166149603585
kent,18,42063,91796,C1,gzip6,262144,7378,7319,35.81691487908184
kent,18,42063,91796,C1,zstd3,262144,7252,6724,38.98631766805473
kent,18,42063,91796,C1,brotli5,262144,5683,5683,46.12774942811895
kent,18,42063,91796,flags,gzip6,262144,2280,2548,102.88226059654632
kent,18,42063,91796,flags,zstd3,262144,3026,2776,94.43227665706051
kent,18,42063,91796,flags,brotli5,262144,865,1063,246.60771401693322
kent,18,42063,91796,provenance,gzip6,262144,2181,2362,110.98391193903471
kent,18,42063,91796,provenance,zstd3,262144,2896,2461,106.51930109711499
kent,18,42063,91796,provenance,brotli5,262144,1041,1075,243.85488372093025
kent,18,42064,91796,G,gzip6,262144,6801,7678,34.14222453764001
kent,18,42064,91796,G,zstd3,262144,8410,12073,21.713244429719207
kent,18,42064,91796,G,brotli5,262144,5585,8613,30.435852780680367
kent,18,42064,91796,B,gzip6,262144,1499,1280,204.8
kent,18,42064,91796,B,zstd3,262144,1203,679,386.0736377025037
kent,18,42064,91796,B,brotli5,262144,335,445,589.0876404494383
kent,18,42064,91796,C0,gzip6,262144,1456,1667,157.25494901019795
kent,18,42064,91796,C0,zstd3,262144,1232,1306,200.7228177641654
kent,18,42064,91796,C0,brotli5,262144,856,992,264.258064516129
kent,18,42064,91796,C1,gzip6,262144,1440,1695,154.65722713864307
kent,18,42064,91796,C1,zstd3,262144,1172,1303,201.18495778971604
kent,18,42064,91796,C1,brotli5,262144,857,994,263.7263581488934
kent,18,42064,91796,flags,gzip6,262144,1739,1733,151.26601269474898
kent,18,42064,91796,flags,zstd3,262144,1326,1103,237.66455122393472
kent,18,42064,91796,flags,brotli5,262144,386,536,489.07462686567163
kent,18,42064,91796,provenance,gzip6,262144,1646,1515,173.03234323432343
kent,18,42064,91796,provenance,zstd3,262144,1269,1040,252.06153846153848
kent,18,42064,91796,provenance,brotli5,262144,391,551,475.7604355716878
kent,18,42065,91796,G,gzip6,262144,1277,1653,158.5868118572293
kent,18,42065,91796,G,zstd3,262144,981,1500,174.76266666666666
kent,18,42065,91796,G,brotli5,262144,623,908,288.704845814978
kent,18,42065,91796,B,gzip6,262144,1694,1656,158.29951690821255
kent,18,42065,91796,B,zstd3,262144,1235,1247,210.2197273456295
kent,18,42065,91796,B,brotli5,262144,289,401,653.7256857855361
kent,18,42065,91796,C0,gzip6,262144,356,382,686.2408376963351
kent,18,42065,91796,C0,zstd3,262144,110,122,2148.72131147541
kent,18,42065,91796,C0,brotli5,262144,83,94,2788.7659574468084
kent,18,42065,91796,C1,gzip6,262144,356,382,686.2408376963351
kent,18,42065,91796,C1,zstd3,262144,115,126,2080.5079365079364
kent,18,42065,91796,C1,brotli5,262144,83,90,2912.711111111111
kent,18,42065,91796,flags,gzip6,262144,1872,1694,154.74852420306965
kent,18,42065,91796,flags,zstd3,262144,2189,1150,227.9513043478261
kent,18,42065,91796,flags,brotli5,262144,297,423,619.725768321513
kent,18,42065,91796,provenance,gzip6,262144,1544,1433,182.93370551290997
kent,18,42065,91796,provenance,zstd3,262144,1484,797,328.9134253450439
kent,18,42065,91796,provenance,brotli5,262144,293,403,650.4813895781638
